0,1,2,3,4,5,6,7,8,9,10,11,12,13,14,15,16,17,18,19
0.05038989974006684,0.0,0.12152269399707175,0.7435897435897436,1.0,0.0,1.0,0.0,1.0,0.0,0.0,0.0,1.0,1.0,0.0,1.0,0.0,0.0,0.0,1.0
0.09559351404876841,0.0,0.3777452415812591,0.7435897435897436,1.0,0.0,1.0,0.0,1.0,1.0,0.0,0.0,0.0,1.0,0.0,1.0,0.0,0.0,0.0,1.0
0.05124396583735611,0.0,0.2005856515373353,0.7435897435897436,1.0,1.0,0.0,1.0,0.0,1.0,0.0,0.0,0.0,0.0,1.0,1.0,0.0,1.0,0.0,0.0
0.03204604530263647,0.11265,0.15373352855051245,0.7435897435897436,1.0,0.0,1.0,0.0,1.0,1.0,0.0,0.0,0.0,1.0,0.0,1.0,0.0,0.0,1.0,0.0
0.03667533110533482,0.0,0.08345534407027819,0.7435897435897436,1.0,0.0,1.0,0.0,1.0,0.0,0.0,0.0,1.0,0.0,1.0,1.0,0.0,0.0,1.0,0.0
0.033234311177125886,0.0,0.11420204978038068,0.7435897435897436,1.0,0.0,1.0,0.0,1.0,0.0,1.0,0.0,0.0,1.0,0.0,0.0,1.0,0.0,1.0,0.0
0.046602302265131824,0.12655,0.055636896046852125,0.7435897435897436,1.0,0.0,1.0,1.0,0.0,1.0,0.0,0.0,0.0,0.0,1.0,1.0,0.0,1.0,0.0,0.0
0.054127986136898135,0.28125,0.34846266471449483,0.7435897435897436,1.0,0.0,1.0,0.0,1.0,1.0,0.0,0.0,0.0,1.0,0.0,1.0,0.0,0.0,1.0,0.0
0.05755662829558114,0.0415,0.1581259150805271,0.7435897435897436,1.0,0.0,1.0,0.0,1.0,1.0,0.0,0.0,0.0,1.0,0.0,1.0,0.0,0.0,1.0,0.0
0.11545983413788835,0.0,0.24890190336749632,0.7435897435897436,1.0,0.0,1.0,0.0,1.0,0.0,1.0,0.0,0.0,1.0,0.0,1.0,0.0,0.0,0.0,1.0
0.0389528406981062,0.14295,0.18594436310395315,0.7435897435897436,1.0,0.0,1.0,0.0,1.0,0.0,0.0,1.0,0.0,0.0,1.0,1.0,0.0,0.0,0.0,1.0
0.12632751578165616,0.0,0.24890190336749632,0.7435897435897436,0.0,0.0,1.0,1.0,0.0,1.0,0.0,0.0,0.0,1.0,0.0,0.0,1.0,0.0,0.0,1.0
0.0549820522341874,0.17915,0.18740849194729137,0.7435897435897436,1.0,0.0,1.0,0.0,1.0,1.0,0.0,0.0,0.0,1.0,0.0,1.0,0.0,0.0,1.0,0.0
0.03322193340759995,0.1396,0.2020497803806735,0.7435897435897436,1.0,0.0,1.0,0.0,1.0,1.0,0.0,0.0,0.0,0.0,1.0,1.0,0.0,1.0,0.0,0.0
0.03474439905928952,0.03315,0.12445095168374817,0.7435897435897436,1.0,1.0,0.0,0.0,1.0,1.0,0.0,0.0,0.0,0.0,1.0,1.0,0.0,0.0,1.0,0.0
0.0480876346082436,0.17235,0.19619326500732065,0.7435897435897436,1.0,0.0,1.0,1.0,0.0,1.0,0.0,0.0,0.0,1.0,0.0,1.0,0.0,1.0,0.0,0.0
0.12117836365886867,0.0833,0.30453879941434847,0.7435897435897436,1.0,1.0,0.0,1.0,0.0,1.0,0.0,0.0,0.0,1.0,0.0,1.0,0.0,1.0,0.0,0.0
0.02983042455749474,0.11115,0.19472913616398244,0.7435897435897436,1.0,0.0,1.0,0.0,1.0,1.0,0.0,0.0,0.0,1.0,0.0,1.0,0.0,0.0,1.0,0.0
0.05186285431365268,0.0,0.16105417276720352,0.7435897435897436,0.0,0.0,1.0,0.0,1.0,0.0,0.0,1.0,0.0,1.0,0.0,1.0,0.0,0.0,1.0,0.0
0.0407228617403144,0.0,0.09370424597364568,0.6153846153846154,1.0,0.0,1.0,1.0,0.0,1.0,0.0,0.0,0.0,1.0,0.0,1.0,0.0,0.0,1.0,0.0
0.043817304121797254,0.0,0.12152269399707175,0.7435897435897436,1.0,0.0,1.0,1.0,0.0,1.0,0.0,0.0,0.0,1.0,0.0,1.0,0.0,0.0,0.0,1.0
0.04516648100012378,0.165,0.18301610541727673,0.358974358974359,1.0,0.0,1.0,0.0,1.0,1.0,0.0,0.0,0.0,1.0,0.0,1.0,0.0,1.0,0.0,0.0
0.10570615175145438,0.20835,0.4260614934114202,0.7435897435897436,1.0,0.0,1.0,1.0,0.0,1.0,0.0,0.0,0.0,1.0,0.0,1.0,0.0,1.0,0.0,0.0
0.043408837727441515,0.0,0.15080527086383602,0.7435897435897436,1.0,0.0,1.0,0.0,1.0,0.0,0.0,1.0,0.0,1.0,0.0,1.0,0.0,0.0,1.0,0.0
0.08249783389033295,0.0,0.2679355783308931,0.7435897435897436,1.0,0.0,1.0,0.0,1.0,0.0,1.0,0.0,0.0,1.0,0.0,1.0,0.0,0.0,1.0,0.0
0.07661839336551553,0.0,0.2679355783308931,0.7435897435897436,1.0,0.0,1.0,1.0,0.0,1.0,0.0,0.0,0.0,1.0,0.0,0.0,1.0,1.0,0.0,0.0
0.047530634979576686,0.2651,0.17715959004392387,0.7435897435897436,1.0,0.0,1.0,0.0,1.0,0.0,1.0,0.0,0.0,0.0,1.0,1.0,0.0,1.0,0.0,0.0
0.1663572224285184,0.0,0.4758418740849194,0.7435897435897436,1.0,0.0,1.0,0.0,1.0,1.0,0.0,0.0,0.0,1.0,0.0,1.0,0.0,0.0,0.0,1.0
0.039856417873499195,0.0625,0.16251830161054173,0.7435897435897436,0.0,0.0,1.0,0.0,1.0,0.0,0.0,0.0,1.0,1.0,0.0,1.0,0.0,0.0,1.0,0.0
0.06551553410075504,0.2245,0.07759882869692533,0.6153846153846154,1.0,0.0,1.0,0.0,1.0,1.0,0.0,0.0,0.0,1.0,0.0,0.0,1.0,0.0,1.0,0.0
0.13046169080331727,0.0,0.43191800878477304,0.7435897435897436,1.0,0.0,1.0,0.0,1.0,0.0,1.0,0.0,0.0,1.0,0.0,1.0,0.0,0.0,0.0,1.0
0.022069563064735735,0.08125,0.14055636896046853,0.358974358974359,1.0,0.0,1.0,0.0,1.0,0.0,0.0,1.0,0.0,0.0,1.0,1.0,0.0,0.0,1.0,0.0
0.06445104592152494,0.0,0.22108345534407028,0.7435897435897436,1.0,0.0,1.0,1.0,0.0,1.0,0.0,0.0,0.0,1.0,0.0,1.0,0.0,0.0,0.0,1.0
0.09519742542393861,0.09165000000000001,0.23865300146412885,0.7435897435897436,1.0,0.0,1.0,0.0,1.0,1.0,0.0,0.0,0.0,1.0,0.0,1.0,0.0,1.0,0.0,0.0
0.6381111523703429,0.0,0.9999999999999999,0.6153846153846154,1.0,0.0,1.0,0.0,1.0,0.0,0.0,0.0,1.0,1.0,0.0,1.0,0.0,0.0,0.0,1.0
0.03494244337170442,0.07295,0.11420204978038068,0.7435897435897436,1.0,0.0,1.0,0.0,1.0,1.0,0.0,0.0,0.0,1.0,0.0,1.0,0.0,0.0,0.0,1.0
0.019457853694764205,0.1116,0.13177159590043924,0.7435897435897436,1.0,0.0,1.0,0.0,1.0,0.0,1.0,0.0,0.0,1.0,0.0,1.0,0.0,1.0,0.0,0.0
0.03559846515657879,0.0,0.15080527086383602,0.7435897435897436,1.0,1.0,0.0,1.0,0.0,1.0,0.0,0.0,0.0,1.0,0.0,1.0,0.0,0.0,1.0,0.0
0.24784007921772497,0.0,0.677891654465593,0.7435897435897436,1.0,0.0,1.0,1.0,0.0,1.0,0.0,0.0,0.0,1.0,0.0,1.0,0.0,1.0,0.0,0.0
0.15677682881544747,0.0,0.568081991215227,0.7435897435897436,1.0,0.0,1.0,1.0,0.0,1.0,0.0,0.0,0.0,1.0,0.0,1.0,0.0,0.0,1.0,0.0
0.031674712216858525,0.0771,0.253294289897511,0.7435897435897436,0.6666666666666666,0.0,1.0,1.0,0.0,0.0,1.0,0.0,0.0,0.0,1.0,0.0,1.0,0.0,1.0,0.0
0.09126129471469241,0.0,0.24890190336749632,0.7435897435897436,1.0,0.0,1.0,0.0,1.0,0.0,0.0,1.0,0.0,1.0,0.0,1.0,0.0,0.0,0.0,1.0
0.043817304121797254,0.0,0.14494875549048317,0.7435897435897436,1.0,0.0,1.0,0.0,1.0,0.0,1.0,0.0,0.0,1.0,0.0,1.0,0.0,0.0,1.0,0.0
0.04691174650328011,0.11375,0.18594436310395315,0.7435897435897436,1.0,1.0,0.0,1.0,0.0,1.0,0.0,0.0,0.0,1.0,0.0,1.0,0.0,0.0,1.0,0.0
0.013479391013739326,0.0543,0.0,0.2307692307692308,1.0,0.0,1.0,0.0,1.0,0.0,0.0,1.0,0.0,1.0,0.0,1.0,0.0,0.0,0.0,1.0
0.17914345834880557,0.10500000000000001,0.42020497803806733,0.7435897435897436,1.0,0.0,1.0,0.0,1.0,1.0,0.0,0.0,0.0,1.0,0.0,1.0,0.0,1.0,0.0,0.0
0.02834509221438297,1.0,0.1259150805270864,0.7435897435897436,1.0,0.0,1.0,1.0,0.0,1.0,0.0,0.0,0.0,1.0,0.0,1.0,0.0,0.0,1.0,0.0
0.03874241861616537,0.0855,0.19472913616398244,0.7435897435897436,0.0,0.0,1.0,0.0,1.0,0.0,0.0,1.0,0.0,1.0,0.0,1.0,0.0,1.0,0.0,0.0
0.1830548335189999,0.0,0.32942898975109813,0.7435897435897436,0.0,0.0,1.0,1.0,0.0,1.0,0.0,0.0,0.0,1.0,0.0,1.0,0.0,0.0,1.0,0.0
0.035462309691793543,0.1208,0.17862371888726208,0.7435897435897436,1.0,0.0,1.0,0.0,1.0,1.0,0.0,0.0,0.0,1.0,0.0,1.0,0.0,1.0,0.0,0.0
0.06320089119940586,0.0,0.17423133235724744,0.7435897435897436,1.0,0.0,1.0,1.0,0.0,1.0,0.0,0.0,0.0,1.0,0.0,1.0,0.0,0.0,0.0,1.0
0.03561084292610472,0.1105,0.17423133235724744,0.7435897435897436,0.0,0.0,1.0,0.0,1.0,1.0,0.0,0.0,0.0,1.0,0.0,1.0,0.0,0.0,1.0,0.0
0.1779056813962124,0.0,0.6134699853587116,0.7435897435897436,1.0,0.0,1.0,0.0,1.0,1.0,0.0,0.0,0.0,1.0,0.0,1.0,0.0,0.0,1.0,0.0
0.06942690927094937,0.25,0.15080527086383602,0.7435897435897436,1.0,0.0,1.0,0.0,1.0,0.0,0.0,1.0,0.0,1.0,0.0,1.0,0.0,1.0,0.0,0.0
0.038445352147543015,0.17500000000000002,0.10395314787701318,0.7435897435897436,1.0,0.0,1.0,0.0,1.0,0.0,0.0,1.0,0.0,1.0,0.0,0.0,1.0,0.0,0.0,1.0
0.0732145067458844,0.08125,0.24890190336749632,1.0000000000000002,1.0,0.0,1.0,0.0,1.0,0.0,0.0,1.0,0.0,0.0,1.0,1.0,0.0,0.0,1.0,0.0
0.06805297685357098,0.28125,0.24890190336749632,0.7435897435897436,1.0,0.0,1.0,0.0,1.0,1.0,0.0,0.0,0.0,1.0,0.0,1.0,0.0,0.0,1.0,0.0
0.027775714816190126,0.11665,0.2401171303074671,0.7435897435897436,0.0,0.0,1.0,0.0,1.0,1.0,0.0,0.0,0.0,0.0,1.0,1.0,0.0,0.0,0.0,1.0
0.029298180467879686,0.1875,0.19765739385065886,0.7435897435897436,1.0,0.0,1.0,0.0,1.0,1.0,0.0,0.0,0.0,1.0,0.0,0.0,1.0,1.0,0.0,0.0
0.02704542641416017,0.0,0.07076622742801367,0.7435897435897436,1.0,0.0,1.0,0.0,1.0,0.0,1.0,0.0,0.0,1.0,0.0,0.0,1.0,0.0,1.0,0.0
0.11750216610966703,0.0,0.1390922401171303,0.7435897435897436,1.0,0.0,1.0,0.0,1.0,0.0,0.0,1.0,0.0,1.0,0.0,1.0,0.0,0.0,0.0,1.0
0.034014110657259566,0.14500000000000002,0.16691068814055637,0.7435897435897436,1.0,0.0,1.0,0.0,1.0,1.0,0.0,0.0,0.0,1.0,0.0,1.0,0.0,0.0,1.0,0.0
0.05867062755291497,0.0,0.1581259150805271,0.7435897435897436,1.0,0.0,1.0,1.0,0.0,1.0,0.0,0.0,0.0,1.0,0.0,1.0,0.0,0.0,0.0,1.0
0.017205099641044684,1.0,0.3250366032210834,0.7435897435897436,1.0,0.0,1.0,0.0,1.0,0.0,0.0,1.0,0.0,1.0,0.0,0.0,1.0,0.0,0.0,1.0
0.057346206213640304,0.1903,0.19619326500732065,0.7435897435897436,1.0,0.0,1.0,1.0,0.0,1.0,0.0,0.0,0.0,1.0,0.0,1.0,0.0,0.0,1.0,0.0
0.03538804307463795,0.0,0.07906295754026355,1.0000000000000002,1.0,0.0,1.0,1.0,0.0,1.0,0.0,0.0,0.0,1.0,0.0,1.0,0.0,0.0,0.0,1.0
0.03678673103106821,0.14585,0.2108345534407028,0.7435897435897436,1.0,0.0,1.0,1.0,0.0,1.0,0.0,0.0,0.0,1.0,0.0,1.0,0.0,0.0,0.0,1.0
0.05047654412674836,0.16315000000000002,0.1698389458272328,0.358974358974359,1.0,0.0,1.0,0.0,1.0,0.0,0.0,1.0,0.0,0.0,1.0,1.0,0.0,0.0,0.0,1.0
0.05990840450550811,0.0,0.1478770131771596,0.7435897435897436,1.0,0.0,1.0,1.0,0.0,1.0,0.0,0.0,0.0,1.0,0.0,1.0,0.0,0.0,1.0,0.0
0.02958286916697611,0.08585000000000001,0.12005856515373353,0.6153846153846154,1.0,1.0,0.0,1.0,0.0,1.0,0.0,0.0,0.0,1.0,0.0,0.0,1.0,0.0,1.0,0.0
0.04412674835994554,0.0,0.13616398243045388,0.7435897435897436,1.0,0.0,1.0,0.0,1.0,1.0,0.0,0.0,0.0,1.0,0.0,1.0,0.0,0.0,1.0,0.0
0.03896521846763214,0.0,0.09224011713030747,0.05128205128205128,1.0,0.0,1.0,1.0,0.0,1.0,0.0,0.0,0.0,0.0,1.0,1.0,0.0,0.0,1.0,0.0
0.02896398069067954,0.10210000000000001,0.1595900439238653,0.7435897435897436,1.0,0.0,1.0,1.0,0.0,1.0,0.0,0.0,0.0,0.0,1.0,1.0,0.0,1.0,0.0,0.0
0.05129347691545984,0.0,0.17423133235724744,0.7435897435897436,1.0,0.0,1.0,1.0,0.0,0.0,0.0,1.0,0.0,1.0,0.0,1.0,0.0,1.0,0.0,0.0
0.03299913355613319,0.078,0.10688140556368961,0.7435897435897436,1.0,1.0,0.0,1.0,0.0,0.0,1.0,0.0,0.0,1.0,0.0,1.0,0.0,0.0,0.0,1.0
0.03970788463918802,0.0,0.16105417276720352,0.7435897435897436,1.0,0.0,1.0,1.0,0.0,1.0,0.0,0.0,0.0,1.0,0.0,1.0,0.0,0.0,1.0,0.0
0.033506622106696374,0.0268,0.07174231332357248,0.7435897435897436,1.0,0.0,1.0,0.0,1.0,1.0,0.0,0.0,0.0,0.0,1.0,1.0,0.0,1.0,0.0,0.0
0.04309939348929323,0.0,0.11127379209370425,0.7435897435897436,1.0,1.0,0.0,1.0,0.0,1.0,0.0,0.0,0.0,1.0,0.0,1.0,0.0,1.0,0.0,0.0
0.010087882163634114,0.275,0.2913616398243045,0.7435897435897436,0.6666666666666666,0.0,1.0,0.0,1.0,1.0,0.0,0.0,0.0,1.0,0.0,1.0,0.0,1.0,0.0,0.0
0.03033791310805793,0.35505000000000003,0.38360175695461196,0.358974358974359,1.0,0.0,1.0,0.0,1.0,0.0,1.0,0.0,0.0,0.0,1.0,1.0,0.0,0.0,1.0,0.0
0.0,0.14585,0.11859443631039532,0.7435897435897436,1.0,1.0,0.0,0.0,1.0,0.0,0.0,1.0,0.0,0.0,1.0,1.0,0.0,0.0,1.0,0.0
0.05453645253125387,0.0,0.17130307467057102,0.7435897435897436,1.0,0.0,1.0,0.0,1.0,0.0,0.0,1.0,0.0,1.0,0.0,1.0,0.0,0.0,0.0,1.0
1.0,0.0,0.5021961932650073,0.7435897435897436,0.0,0.0,1.0,0.0,1.0,0.0,0.0,0.0,1.0,1.0,0.0,1.0,0.0,1.0,0.0,0.0
0.020670875108305484,0.0,0.06442166910688141,0.7435897435897436,0.3333333333333333,0.0,1.0,0.0,1.0,0.0,1.0,0.0,0.0,1.0,0.0,1.0,0.0,1.0,0.0,0.0
0.03955935140487684,0.22085000000000002,0.15519765739385066,0.7435897435897436,1.0,0.0,1.0,0.0,1.0,1.0,0.0,0.0,0.0,0.0,1.0,1.0,0.0,0.0,1.0,0.0
0.2532120311919792,0.0,0.8194241093216202,0.7435897435897436,1.0,0.0,1.0,0.0,1.0,1.0,0.0,0.0,0.0,1.0,0.0,1.0,0.0,1.0,0.0,0.0
0.04026488426785493,0.0,0.15373352855051245,0.7435897435897436,0.6666666666666666,1.0,0.0,1.0,0.0,1.0,0.0,0.0,0.0,1.0,0.0,0.0,1.0,0.0,0.0,1.0
0.03865577422948385,0.1625,0.20644216691068815,0.7435897435897436,1.0,0.0,1.0,0.0,1.0,0.0,1.0,0.0,0.0,1.0,0.0,1.0,0.0,0.0,0.0,1.0
0.03856912984280233,0.04565,0.12884333821376281,0.15384615384615388,1.0,1.0,0.0,0.0,1.0,0.0,1.0,0.0,0.0,1.0,0.0,1.0,0.0,0.0,1.0,0.0
0.04682510211659859,0.1637,0.27818448023426057,0.7435897435897436,1.0,0.0,1.0,0.0,1.0,1.0,0.0,0.0,0.0,1.0,0.0,1.0,0.0,0.0,1.0,0.0
0.06732268845154103,0.0,0.03953147877013177,0.7435897435897436,1.0,0.0,1.0,0.0,1.0,0.0,1.0,0.0,0.0,1.0,0.0,1.0,0.0,0.0,0.0,1.0
0.06979824235672731,0.0,0.22791605661298195,0.7435897435897436,1.0,0.0,1.0,1.0,0.0,1.0,0.0,0.0,0.0,1.0,0.0,1.0,0.0,0.0,0.0,1.0
0.034472088129719025,0.0,0.0629575402635432,0.7435897435897436,1.0,1.0,0.0,1.0,0.0,1.0,0.0,0.0,0.0,1.0,0.0,1.0,0.0,0.0,0.0,1.0
0.12117836365886867,0.0,0.2020497803806735,0.7435897435897436,1.0,0.0,1.0,0.0,1.0,0.0,1.0,0.0,0.0,1.0,0.0,0.0,1.0,1.0,0.0,0.0
0.055675207327639566,0.06935000000000001,0.19472913616398244,0.7435897435897436,1.0,0.0,1.0,0.0,1.0,0.0,0.0,1.0,0.0,1.0,0.0,1.0,0.0,0.0,1.0,0.0
0.023183562322069563,0.1575,0.16251830161054173,0.7435897435897436,1.0,0.0,1.0,0.0,1.0,1.0,0.0,0.0,0.0,1.0,0.0,1.0,0.0,0.0,1.0,0.0
0.03471964352023765,0.10940000000000001,0.19912152269399708,0.7435897435897436,1.0,0.0,1.0,0.0,1.0,1.0,0.0,0.0,0.0,1.0,0.0,1.0,0.0,1.0,0.0,0.0
0.040215373189751207,0.0,0.01171303074670571,0.2307692307692308,1.0,0.0,1.0,0.0,1.0,1.0,0.0,0.0,0.0,1.0,0.0,0.0,1.0,0.0,1.0,0.0
0.07476172793662582,0.08475,0.2825768667642753,0.7435897435897436,1.0,0.0,1.0,0.0,1.0,0.0,0.0,1.0,0.0,1.0,0.0,1.0,0.0,0.0,1.0,0.0
0.04192350538432975,0.10785,0.1493411420204978,0.7435897435897436,0.0,0.0,1.0,0.0,1.0,1.0,0.0,0.0,0.0,1.0,0.0,1.0,0.0,1.0,0.0,0.0
0.03757890828072782,0.07085000000000001,0.17715959004392387,0.7435897435897436,1.0,0.0,1.0,0.0,1.0,1.0,0.0,0.0,0.0,1.0,0.0,1.0,0.0,0.0,1.0,0.0
0.03650204233197178,0.0,0.12152269399707175,0.7435897435897436,1.0,1.0,0.0,1.0,0.0,1.0,0.0,0.0,0.0,1.0,0.0,1.0,0.0,0.0,1.0,0.0
0.025089738829063006,0.0,0.06734992679355783,1.0000000000000002,0.0,0.0,1.0,1.0,0.0,1.0,0.0,0.0,0.0,1.0,0.0,1.0,0.0,0.0,1.0,0.0
0.03577175392994183,0.07,0.14055636896046853,0.7435897435897436,1.0,0.0,1.0,0.0,1.0,0.0,0.0,1.0,0.0,1.0,0.0,1.0,0.0,0.0,0.0,1.0
0.03948508478772125,0.125,0.22840409956076138,0.7435897435897436,1.0,0.0,1.0,0.0,1.0,0.0,1.0,0.0,0.0,1.0,0.0,1.0,0.0,0.0,1.0,0.0
0.027107315261789826,0.19,0.18594436310395315,0.358974358974359,1.0,0.0,1.0,0.0,1.0,1.0,0.0,0.0,0.0,0.0,1.0,1.0,0.0,0.0,0.0,1.0
0.01917316499566778,0.17705,0.16691068814055637,0.7435897435897436,1.0,0.0,1.0,0.0,1.0,1.0,0.0,0.0,0.0,1.0,0.0,1.0,0.0,0.0,1.0,0.0
0.08580269835375665,0.0,0.17715959004392387,0.7435897435897436,1.0,1.0,0.0,0.0,1.0,1.0,0.0,0.0,0.0,0.0,1.0,0.0,1.0,1.0,0.0,0.0
0.10982794900358955,0.0,0.3089311859443631,0.7435897435897436,1.0,0.0,1.0,0.0,1.0,1.0,0.0,0.0,0.0,1.0,0.0,1.0,0.0,0.0,1.0,0.0
0.03660106448817923,0.2,0.23865300146412885,0.6153846153846154,0.0,0.0,1.0,0.0,1.0,0.0,0.0,0.0,1.0,1.0,0.0,1.0,0.0,0.0,1.0,0.0
0.05464785245698725,0.14285,0.1376281112737921,0.0,1.0,0.0,1.0,0.0,1.0,1.0,0.0,0.0,0.0,1.0,0.0,1.0,0.0,0.0,0.0,1.0
0.02808515905433841,0.0,0.06149341142020498,0.7435897435897436,1.0,0.0,1.0,1.0,0.0,1.0,0.0,0.0,0.0,1.0,0.0,1.0,0.0,0.0,0.0,1.0
0.043396459957915585,0.0,0.036603221083455345,0.358974358974359,1.0,0.0,1.0,0.0,1.0,1.0,0.0,0.0,0.0,1.0,0.0,1.0,0.0,1.0,0.0,0.0
0.03700953088253497,0.11270000000000001,0.1595900439238653,0.358974358974359,0.0,0.0,1.0,1.0,0.0,1.0,0.0,0.0,0.0,0.0,1.0,1.0,0.0,0.0,0.0,1.0
0.026686471097908157,0.12655,0.17423133235724744,0.7435897435897436,1.0,0.0,1.0,1.0,0.0,1.0,0.0,0.0,0.0,1.0,0.0,1.0,0.0,0.0,1.0,0.0
0.0458843916326278,0.0,0.15666178623718888,0.7435897435897436,1.0,0.0,1.0,0.0,1.0,0.0,0.0,1.0,0.0,0.0,1.0,1.0,0.0,0.0,1.0,0.0
0.014457234806287907,0.09405000000000001,0.21961932650073207,0.7435897435897436,1.0,1.0,0.0,0.0,1.0,0.0,0.0,1.0,0.0,1.0,0.0,1.0,0.0,0.0,0.0,1.0
0.042604282708255975,0.0,0.11420204978038068,0.7435897435897436,1.0,1.0,0.0,1.0,0.0,0.0,1.0,0.0,0.0,1.0,0.0,1.0,0.0,0.0,1.0,0.0
0.031872756529273426,0.1008,0.13616398243045388,0.7435897435897436,1.0,0.0,1.0,0.0,1.0,1.0,0.0,0.0,0.0,1.0,0.0,1.0,0.0,1.0,0.0,0.0
0.05619507364772868,0.11665,0.16544655929721816,0.7435897435897436,1.0,0.0,1.0,0.0,1.0,1.0,0.0,0.0,0.0,1.0,0.0,1.0,0.0,0.0,0.0,1.0
0.18140859017205102,0.0,0.07759882869692533,0.7435897435897436,1.0,1.0,0.0,0.0,1.0,0.0,0.0,1.0,0.0,1.0,0.0,1.0,0.0,0.0,0.0,1.0
0.23856912984280235,0.0,0.8535871156661786,0.7435897435897436,1.0,1.0,0.0,0.0,1.0,0.0,1.0,0.0,0.0,1.0,0.0,0.0,1.0,0.0,1.0,0.0
0.021636341131328136,0.0728,0.0629575402635432,0.6153846153846154,0.6666666666666666,0.0,1.0,0.0,1.0,0.0,0.0,1.0,0.0,0.0,1.0,1.0,0.0,0.0,0.0,1.0
0.055365763089491274,0.09575,0.24597364568081995,0.7435897435897436,1.0,0.0,1.0,1.0,0.0,1.0,0.0,0.0,0.0,1.0,0.0,1.0,0.0,0.0,1.0,0.0
0.08713949746255724,0.08335000000000001,0.13616398243045388,0.7435897435897436,0.0,0.0,1.0,0.0,1.0,0.0,1.0,0.0,0.0,1.0,0.0,1.0,0.0,0.0,0.0,1.0
0.025114494368114866,0.1262,0.16251830161054173,0.7435897435897436,1.0,0.0,1.0,0.0,1.0,0.0,1.0,0.0,0.0,0.0,1.0,1.0,0.0,0.0,0.0,1.0
0.048966456244584726,0.0,0.03953147877013177,0.7435897435897436,1.0,1.0,0.0,1.0,0.0,1.0,0.0,0.0,0.0,1.0,0.0,1.0,0.0,0.0,1.0,0.0
0.02479267236044065,0.05625,0.12201073694485115,0.7435897435897436,1.0,0.0,1.0,0.0,1.0,1.0,0.0,0.0,0.0,1.0,0.0,1.0,0.0,0.0,0.0,1.0
0.09221438296818912,0.0,0.1273792093704246,0.7435897435897436,0.0,0.0,1.0,0.0,1.0,1.0,0.0,0.0,0.0,0.0,1.0,1.0,0.0,0.0,0.0,1.0
0.06134422577051616,0.0,0.16251830161054173,0.7435897435897436,1.0,0.0,1.0,1.0,0.0,1.0,0.0,0.0,0.0,1.0,0.0,0.0,1.0,0.0,1.0,0.0
0.2040103973264018,0.0,0.13616398243045388,0.7435897435897436,1.0,0.0,1.0,0.0,1.0,1.0,0.0,0.0,0.0,1.0,0.0,1.0,0.0,0.0,1.0,0.0
0.20194330981557124,0.0507,0.19472913616398244,0.7435897435897436,1.0,0.0,1.0,0.0,1.0,0.0,0.0,1.0,0.0,1.0,0.0,0.0,1.0,1.0,0.0,0.0
0.25526674093328383,0.33335000000000004,0.677891654465593,0.7435897435897436,1.0,0.0,1.0,0.0,1.0,1.0,0.0,0.0,0.0,1.0,0.0,1.0,0.0,0.0,0.0,1.0
0.07071419730164624,0.1027,0.2840409956076134,0.7435897435897436,1.0,0.0,1.0,0.0,1.0,1.0,0.0,0.0,0.0,1.0,0.0,1.0,0.0,1.0,0.0,0.0
0.02834509221438297,0.0,0.07320644216691069,0.7435897435897436,1.0,1.0,0.0,1.0,0.0,1.0,0.0,0.0,0.0,1.0,0.0,1.0,0.0,0.0,0.0,1.0
0.07950241366505756,0.0,0.20546608101512934,0.7435897435897436,0.0,0.0,1.0,0.0,1.0,0.0,0.0,1.0,0.0,1.0,0.0,0.0,1.0,1.0,0.0,0.0
0.08962742913726947,0.0,0.2118106393362616,0.7435897435897436,1.0,1.0,0.0,1.0,0.0,0.0,1.0,0.0,0.0,1.0,0.0,0.0,1.0,0.0,1.0,0.0
0.05619507364772868,0.0,0.11273792093704246,0.7435897435897436,1.0,0.0,1.0,1.0,0.0,1.0,0.0,0.0,0.0,1.0,0.0,1.0,0.0,0.0,1.0,0.0
0.0748359945537814,0.0,0.20937042459736457,0.7435897435897436,1.0,0.0,1.0,0.0,1.0,1.0,0.0,0.0,0.0,1.0,0.0,1.0,0.0,0.0,0.0,1.0
0.03298675578660726,0.08750000000000001,0.12884333821376281,0.7435897435897436,1.0,0.0,1.0,0.0,1.0,1.0,0.0,0.0,0.0,0.0,1.0,1.0,0.0,0.0,1.0,0.0
0.0539175640549573,0.0,0.12152269399707175,0.7435897435897436,1.0,0.0,1.0,0.0,1.0,0.0,0.0,1.0,0.0,1.0,0.0,1.0,0.0,0.0,0.0,1.0
0.09577918059165738,0.3583,0.677891654465593,0.7435897435897436,1.0,0.0,1.0,0.0,1.0,0.0,0.0,1.0,0.0,1.0,0.0,0.0,1.0,1.0,0.0,0.0
0.05586087387052854,0.0,0.09370424597364568,0.7435897435897436,1.0,1.0,0.0,1.0,0.0,0.0,1.0,0.0,0.0,1.0,0.0,1.0,0.0,0.0,1.0,0.0
0.04500556999628667,0.0,0.1376281112737921,0.7435897435897436,1.0,1.0,0.0,1.0,0.0,1.0,0.0,0.0,0.0,1.0,0.0,1.0,0.0,0.0,1.0,0.0
0.02958286916697611,0.125,0.10688140556368961,0.7435897435897436,1.0,0.0,1.0,0.0,1.0,0.0,1.0,0.0,0.0,0.0,1.0,1.0,0.0,0.0,1.0,0.0
0.055514296323802455,0.0,0.11566617862371889,0.7435897435897436,1.0,0.0,1.0,0.0,1.0,1.0,0.0,0.0,0.0,0.0,1.0,0.0,1.0,0.0,0.0,1.0
0.03710855303874242,0.15330000000000002,0.22693997071742314,0.7435897435897436,1.0,0.0,1.0,0.0,1.0,1.0,0.0,0.0,0.0,1.0,0.0,1.0,0.0,0.0,0.0,1.0
0.01804678796880802,0.1945,0.26939970717423134,0.7435897435897436,0.0,0.0,1.0,0.0,1.0,1.0,0.0,0.0,0.0,0.0,1.0,1.0,0.0,0.0,1.0,0.0
0.07111028592647604,0.28125,0.43631039531478766,0.7435897435897436,1.0,0.0,1.0,0.0,1.0,0.0,1.0,0.0,0.0,1.0,0.0,1.0,0.0,0.0,0.0,1.0
0.05063745513058547,0.0,0.1478770131771596,0.7435897435897436,1.0,0.0,1.0,0.0,1.0,1.0,0.0,0.0,0.0,1.0,0.0,1.0,0.0,0.0,0.0,1.0
0.04030201757643273,0.1714,0.19472913616398244,0.7435897435897436,1.0,0.0,1.0,0.0,1.0,0.0,0.0,0.0,1.0,1.0,0.0,1.0,0.0,1.0,0.0,0.0
0.010087882163634114,0.13865,0.1390922401171303,0.7435897435897436,1.0,0.0,1.0,0.0,1.0,1.0,0.0,0.0,0.0,1.0,0.0,1.0,0.0,1.0,0.0,0.0
0.05062507736105954,0.0,0.17423133235724744,0.7435897435897436,0.0,1.0,0.0,1.0,0.0,1.0,0.0,0.0,0.0,1.0,0.0,1.0,0.0,0.0,1.0,0.0
0.051169699220200524,0.0368,0.10248901903367497,0.7435897435897436,1.0,0.0,1.0,0.0,1.0,1.0,0.0,0.0,0.0,0.0,1.0,0.0,1.0,0.0,1.0,0.0
0.05515534100755044,0.0,0.17276720351390923,0.7435897435897436,1.0,1.0,0.0,0.0,1.0,0.0,1.0,0.0,0.0,1.0,0.0,1.0,0.0,0.0,0.0,1.0
0.03948508478772125,0.0,0.11420204978038068,0.7435897435897436,1.0,1.0,0.0,1.0,0.0,1.0,0.0,0.0,0.0,0.0,1.0,1.0,0.0,1.0,0.0,0.0
0.21107810372570865,0.0,0.30453879941434847,0.7435897435897436,1.0,1.0,0.0,1.0,0.0,1.0,0.0,0.0,0.0,0.0,1.0,0.0,1.0,0.0,1.0,0.0
0.08611214259190493,0.0,0.16251830161054173,0.7435897435897436,1.0,0.0,1.0,1.0,0.0,1.0,0.0,0.0,0.0,1.0,0.0,0.0,1.0,0.0,0.0,1.0
0.05798985022898874,0.0,0.12445095168374817,0.7435897435897436,1.0,0.0,1.0,1.0,0.0,1.0,0.0,0.0,0.0,1.0,0.0,1.0,0.0,0.0,1.0,0.0
0.06508231216734744,0.0516,0.013177159590043924,0.7435897435897436,1.0,0.0,1.0,0.0,1.0,0.0,1.0,0.0,0.0,1.0,0.0,1.0,0.0,0.0,1.0,0.0
0.08950365144201014,0.0,0.25915080527086387,0.7435897435897436,1.0,1.0,0.0,1.0,0.0,1.0,0.0,0.0,0.0,1.0,0.0,0.0,1.0,1.0,0.0,0.0
0.07166728555514296,0.0,0.1815519765739385,0.7435897435897436,1.0,0.0,1.0,1.0,0.0,1.0,0.0,0.0,0.0,1.0,0.0,1.0,0.0,0.0,0.0,1.0
0.021636341131328136,0.1218,0.16691068814055637,0.7435897435897436,1.0,0.0,1.0,0.0,1.0,0.0,1.0,0.0,0.0,0.0,1.0,1.0,0.0,1.0,0.0,0.0
0.06281718034410198,0.07150000000000001,0.2108345534407028,0.7435897435897436,0.0,0.0,1.0,0.0,1.0,0.0,1.0,0.0,0.0,0.0,1.0,1.0,0.0,0.0,1.0,0.0
0.021005074885505633,0.11825000000000001,0.15080527086383602,0.7435897435897436,1.0,1.0,0.0,1.0,0.0,1.0,0.0,0.0,0.0,0.0,1.0,1.0,0.0,0.0,0.0,1.0
0.04516648100012378,0.0,0.11566617862371889,0.7435897435897436,1.0,0.0,1.0,0.0,1.0,0.0,0.0,1.0,0.0,1.0,0.0,1.0,0.0,0.0,1.0,0.0
0.0720757519494987,0.0,0.20937042459736457,0.7435897435897436,1.0,0.0,1.0,0.0,1.0,1.0,0.0,0.0,0.0,0.0,1.0,1.0,0.0,0.0,0.0,1.0
0.10013615546478524,0.0,0.19765739385065886,0.6153846153846154,0.0,0.0,1.0,0.0,1.0,0.0,1.0,0.0,0.0,1.0,0.0,1.0,0.0,0.0,1.0,0.0
0.027107315261789826,0.0,0.0849194729136164,0.7435897435897436,1.0,0.0,1.0,0.0,1.0,1.0,0.0,0.0,0.0,1.0,0.0,1.0,0.0,0.0,0.0,1.0
0.028233692288649588,0.1027,0.1273792093704246,0.7435897435897436,1.0,0.0,1.0,0.0,1.0,0.0,1.0,0.0,0.0,1.0,0.0,1.0,0.0,0.0,1.0,0.0
0.07919296942690927,0.0,0.17569546120058566,0.358974358974359,1.0,0.0,1.0,0.0,1.0,0.0,1.0,0.0,0.0,0.0,1.0,1.0,0.0,0.0,0.0,1.0
0.056294095803936135,0.0,0.20644216691068815,1.0000000000000002,1.0,0.0,1.0,0.0,1.0,1.0,0.0,0.0,0.0,1.0,0.0,1.0,0.0,0.0,1.0,0.0
0.044584725832405005,0.0,0.1390922401171303,0.7435897435897436,1.0,1.0,0.0,1.0,0.0,0.0,1.0,0.0,0.0,1.0,0.0,1.0,0.0,1.0,0.0,0.0
0.1275281594256715,0.1925,0.20937042459736457,0.358974358974359,0.0,0.0,1.0,0.0,1.0,0.0,1.0,0.0,0.0,1.0,0.0,0.0,1.0,0.0,0.0,1.0
0.02834509221438297,0.23,0.232796486090776,0.7435897435897436,1.0,0.0,1.0,0.0,1.0,0.0,0.0,1.0,0.0,1.0,0.0,0.0,1.0,1.0,0.0,0.0
0.10414655279118702,0.0,0.19472913616398244,0.7435897435897436,1.0,1.0,0.0,1.0,0.0,0.0,1.0,0.0,0.0,1.0,0.0,0.0,1.0,0.0,1.0,0.0
0.06547840079217725,0.0,0.12884333821376281,0.7435897435897436,0.0,1.0,0.0,0.0,1.0,1.0,0.0,0.0,0.0,1.0,0.0,0.0,1.0,1.0,0.0,0.0
0.06852333209555637,0.0,0.34846266471449483,0.7435897435897436,1.0,0.0,1.0,0.0,1.0,1.0,0.0,0.0,0.0,1.0,0.0,1.0,0.0,0.0,0.0,1.0
0.03189751206832529,0.09585,0.18887262079062958,0.7435897435897436,0.0,0.0,1.0,0.0,1.0,0.0,1.0,0.0,0.0,1.0,0.0,1.0,0.0,1.0,0.0,0.0
0.11085530387424186,0.0,0.3323572474377745,0.7435897435897436,1.0,0.0,1.0,1.0,0.0,1.0,0.0,0.0,0.0,1.0,0.0,1.0,0.0,0.0,0.0,1.0
0.023790073028840203,0.07955000000000001,0.11566617862371889,0.7435897435897436,1.0,0.0,1.0,0.0,1.0,1.0,0.0,0.0,0.0,1.0,0.0,1.0,0.0,0.0,1.0,0.0
0.025980938234930067,0.06275,0.1581259150805271,0.7435897435897436,0.0,0.0,1.0,0.0,1.0,0.0,0.0,1.0,0.0,0.0,1.0,1.0,0.0,1.0,0.0,0.0
0.03968312910013616,0.1408,0.14055636896046853,0.7435897435897436,1.0,1.0,0.0,0.0,1.0,1.0,0.0,0.0,0.0,1.0,0.0,1.0,0.0,0.0,1.0,0.0
0.030238890951850478,0.075,0.14055636896046853,0.358974358974359,0.0,0.0,1.0,0.0,1.0,0.0,1.0,0.0,0.0,0.0,1.0,1.0,0.0,1.0,0.0,0.0
0.043817304121797254,0.0,0.14055636896046853,1.0000000000000002,1.0,0.0,1.0,1.0,0.0,1.0,0.0,0.0,0.0,1.0,0.0,1.0,0.0,0.0,0.0,1.0
0.046008169327887115,0.04,0.1390922401171303,0.7435897435897436,1.0,0.0,1.0,0.0,1.0,1.0,0.0,0.0,0.0,1.0,0.0,1.0,0.0,0.0,1.0,0.0
0.07086273053595742,0.0,0.1698389458272328,0.7435897435897436,1.0,0.0,1.0,0.0,1.0,0.0,0.0,1.0,0.0,1.0,0.0,1.0,0.0,0.0,1.0,0.0
0.02002723109295705,0.0665,0.12152269399707175,0.7008547008547009,0.0,0.0,1.0,0.0,1.0,1.0,0.0,0.0,0.0,1.0,0.0,1.0,0.0,0.0,0.0,1.0
0.03041217972521352,0.08125,0.09809663250366032,0.7435897435897436,1.0,1.0,0.0,1.0,0.0,1.0,0.0,0.0,0.0,1.0,0.0,1.0,0.0,0.0,0.0,1.0
0.02046045302636465,0.05205,0.11859443631039532,0.7435897435897436,1.0,0.0,1.0,0.0,1.0,1.0,0.0,0.0,0.0,0.0,1.0,1.0,0.0,0.0,1.0,0.0
0.06632008911994058,0.1071,0.23133235724743775,0.7435897435897436,1.0,0.0,1.0,0.0,1.0,1.0,0.0,0.0,0.0,1.0,0.0,1.0,0.0,1.0,0.0,0.0
0.11573214506745884,0.0,0.25475841874084915,0.7435897435897436,1.0,0.0,1.0,0.0,1.0,1.0,0.0,0.0,0.0,1.0,0.0,0.0,1.0,0.0,1.0,0.0
0.027540537195197428,0.0,0.0849194729136164,0.7435897435897436,1.0,0.0,1.0,1.0,0.0,1.0,0.0,0.0,0.0,1.0,0.0,1.0,0.0,0.0,0.0,1.0
0.14593390271073153,0.0,0.21522693997071743,0.7435897435897436,1.0,0.0,1.0,1.0,0.0,1.0,0.0,0.0,0.0,1.0,0.0,1.0,0.0,0.0,1.0,0.0
0.04030201757643273,0.060500000000000005,0.16544655929721816,0.7435897435897436,1.0,0.0,1.0,0.0,1.0,0.0,1.0,0.0,0.0,1.0,0.0,0.0,1.0,1.0,0.0,0.0
0.054127986136898135,0.0,0.1390922401171303,0.7435897435897436,1.0,1.0,0.0,0.0,1.0,1.0,0.0,0.0,0.0,1.0,0.0,1.0,0.0,1.0,0.0,0.0
0.07228617403143953,0.21665,0.15080527086383602,0.358974358974359,1.0,0.0,1.0,1.0,0.0,1.0,0.0,0.0,0.0,1.0,0.0,0.0,1.0,0.0,0.0,1.0
0.009778437925485828,0.1511,0.13616398243045388,0.7435897435897436,1.0,0.0,1.0,0.0,1.0,0.0,1.0,0.0,0.0,1.0,0.0,0.0,1.0,0.0,0.0,1.0
0.4642777571481619,0.0,0.19765739385065886,0.7435897435897436,1.0,0.0,1.0,1.0,0.0,0.0,1.0,0.0,0.0,1.0,0.0,1.0,0.0,0.0,1.0,0.0
0.05376903082064612,0.061450000000000005,0.20644216691068815,0.7435897435897436,1.0,0.0,1.0,0.0,1.0,0.0,1.0,0.0,0.0,0.0,1.0,1.0,0.0,0.0,0.0,1.0
0.026278004703552422,0.0758,0.11420204978038068,0.7435897435897436,1.0,0.0,1.0,0.0,1.0,1.0,0.0,0.0,0.0,0.0,1.0,1.0,0.0,0.0,0.0,1.0
0.06157940339150885,0.0,0.2020497803806735,0.7435897435897436,1.0,0.0,1.0,0.0,1.0,0.0,0.0,1.0,0.0,1.0,0.0,1.0,0.0,0.0,1.0,0.0
0.13665057556628296,0.0,0.26207906295754024,0.7435897435897436,1.0,0.0,1.0,1.0,0.0,0.0,1.0,0.0,0.0,1.0,0.0,1.0,0.0,0.0,1.0,0.0
0.03372942195816314,0.0,0.11859443631039532,0.7435897435897436,1.0,0.0,1.0,1.0,0.0,1.0,0.0,0.0,0.0,1.0,0.0,1.0,0.0,0.0,1.0,0.0
0.049709122416140616,0.052000000000000005,0.13616398243045388,0.7435897435897436,1.0,0.0,1.0,0.0,1.0,0.0,0.0,1.0,0.0,0.0,1.0,1.0,0.0,0.0,0.0,1.0
0.08134670132442133,0.0,0.20497803806734993,0.7435897435897436,1.0,0.0,1.0,1.0,0.0,1.0,0.0,0.0,0.0,1.0,0.0,1.0,0.0,0.0,0.0,1.0
0.026278004703552422,0.07255,0.12445095168374817,1.0000000000000002,0.0,0.0,1.0,1.0,0.0,1.0,0.0,0.0,0.0,0.0,1.0,1.0,0.0,0.0,0.0,1.0
0.0404876841193217,0.0,0.2020497803806735,0.05128205128205128,1.0,1.0,0.0,1.0,0.0,0.0,1.0,0.0,0.0,1.0,0.0,1.0,0.0,0.0,1.0,0.0
0.029694269092709495,0.17245000000000002,0.21669106881405564,0.358974358974359,0.0,0.0,1.0,0.0,1.0,1.0,0.0,0.0,0.0,0.0,1.0,0.0,1.0,1.0,0.0,0.0
0.10631266245822503,0.0,0.35285505124450955,0.7435897435897436,0.0,0.0,1.0,0.0,1.0,0.0,0.0,1.0,0.0,1.0,0.0,1.0,0.0,0.0,0.0,1.0
0.07285555142963238,0.0,0.294289897510981,0.7435897435897436,0.0,0.0,1.0,0.0,1.0,1.0,0.0,0.0,0.0,0.0,1.0,1.0,0.0,1.0,0.0,0.0
0.04175021661096671,0.0,0.11566617862371889,0.7435897435897436,1.0,0.0,1.0,1.0,0.0,1.0,0.0,0.0,0.0,1.0,0.0,1.0,0.0,0.0,0.0,1.0
0.04324792672360441,0.1,0.15080527086383602,0.7435897435897436,1.0,0.0,1.0,0.0,1.0,1.0,0.0,0.0,0.0,1.0,0.0,1.0,0.0,1.0,0.0,0.0
0.04197301646243347,0.0795,0.16495851634943876,0.7435897435897436,1.0,0.0,1.0,0.0,1.0,0.0,0.0,1.0,0.0,0.0,1.0,1.0,0.0,1.0,0.0,0.0
0.03437306597351158,0.0,0.10395314787701318,0.7435897435897436,0.0,0.0,1.0,1.0,0.0,1.0,0.0,0.0,0.0,1.0,0.0,1.0,0.0,0.0,1.0,0.0
0.0248916945166481,0.0,0.0629575402635432,0.7435897435897436,0.0,0.0,1.0,0.0,1.0,1.0,0.0,0.0,0.0,1.0,0.0,1.0,0.0,0.0,0.0,1.0
0.10055699962866692,0.0,0.20937042459736457,0.7435897435897436,1.0,0.0,1.0,0.0,1.0,1.0,0.0,0.0,0.0,1.0,0.0,1.0,0.0,0.0,1.0,0.0
0.10466641911127615,0.24915,0.5256222547584187,0.7435897435897436,0.0,0.0,1.0,0.0,1.0,0.0,1.0,0.0,0.0,1.0,0.0,0.0,1.0,1.0,0.0,0.0
0.06238395841069439,0.0344,0.20937042459736457,0.7435897435897436,1.0,0.0,1.0,0.0,1.0,0.0,1.0,0.0,0.0,1.0,0.0,1.0,0.0,1.0,0.0,0.0
0.06941453150142345,0.108,0.2445095168374817,0.7435897435897436,1.0,0.0,1.0,0.0,1.0,1.0,0.0,0.0,0.0,1.0,0.0,0.0,1.0,0.0,1.0,0.0
0.03453397697734868,0.0833,0.12152269399707175,1.0000000000000002,0.0,0.0,1.0,0.0,1.0,1.0,0.0,0.0,0.0,0.0,1.0,1.0,0.0,0.0,0.0,1.0
0.04130461690803317,0.0,0.09224011713030747,0.7435897435897436,0.0,0.0,1.0,1.0,0.0,0.0,0.0,1.0,0.0,1.0,0.0,1.0,0.0,1.0,0.0,0.0
0.06238395841069439,0.0,0.11273792093704246,0.7435897435897436,1.0,0.0,1.0,0.0,1.0,0.0,0.0,0.0,1.0,1.0,0.0,1.0,0.0,0.0,0.0,1.0
0.019816809011016217,0.0833,0.05417276720351391,0.7435897435897436,1.0,1.0,0.0,1.0,0.0,1.0,0.0,0.0,0.0,1.0,0.0,1.0,0.0,0.0,0.0,1.0
0.054338408218838966,0.0,0.08199121522693997,0.358974358974359,1.0,0.0,1.0,0.0,1.0,1.0,0.0,0.0,0.0,1.0,0.0,1.0,0.0,0.0,1.0,0.0
0.0406857284317366,0.09820000000000001,0.14494875549048317,0.7435897435897436,1.0,0.0,1.0,0.0,1.0,1.0,0.0,0.0,0.0,1.0,0.0,1.0,0.0,1.0,0.0,0.0
0.07166728555514296,0.0,0.1800878477306003,0.7435897435897436,1.0,0.0,1.0,1.0,0.0,1.0,0.0,0.0,0.0,1.0,0.0,1.0,0.0,1.0,0.0,0.0
0.0504146552791187,0.15,0.22693997071742314,0.15384615384615388,1.0,0.0,1.0,0.0,1.0,0.0,1.0,0.0,0.0,1.0,0.0,1.0,0.0,1.0,0.0,0.0
0.05860873870528531,0.0,0.148365056124939,0.7435897435897436,0.0,0.0,1.0,0.0,1.0,0.0,1.0,0.0,0.0,1.0,0.0,1.0,0.0,1.0,0.0,0.0
0.03755415274167595,0.0,0.09224011713030747,0.7435897435897436,1.0,1.0,0.0,1.0,0.0,1.0,0.0,0.0,0.0,1.0,0.0,1.0,0.0,0.0,0.0,1.0
0.0365886867186533,0.1032,0.1273792093704246,0.7435897435897436,0.0,0.0,1.0,0.0,1.0,1.0,0.0,0.0,0.0,1.0,0.0,1.0,0.0,0.0,0.0,1.0
0.06827577670503775,0.22975,0.35285505124450955,0.7435897435897436,1.0,0.0,1.0,0.0,1.0,1.0,0.0,0.0,0.0,1.0,0.0,1.0,0.0,0.0,1.0,0.0
0.02253991830672113,0.0816,0.14055636896046853,1.0000000000000002,1.0,1.0,0.0,0.0,1.0,0.0,0.0,1.0,0.0,1.0,0.0,1.0,0.0,0.0,1.0,0.0
0.041230350290877585,0.0,0.1390922401171303,0.7435897435897436,0.3333333333333333,1.0,0.0,1.0,0.0,0.0,1.0,0.0,0.0,1.0,0.0,1.0,0.0,0.0,1.0,0.0
0.7813714568634733,0.0,0.6925329428989752,0.358974358974359,1.0,0.0,1.0,0.0,1.0,1.0,0.0,0.0,0.0,1.0,0.0,1.0,0.0,0.0,0.0,1.0
0.038036885753187276,0.10175000000000001,0.191800878477306,0.7435897435897436,1.0,0.0,1.0,0.0,1.0,0.0,0.0,1.0,0.0,1.0,0.0,1.0,0.0,0.0,0.0,1.0
0.05166481000123778,0.08965000000000001,0.14641288433382138,0.7435897435897436,1.0,0.0,1.0,1.0,0.0,0.0,1.0,0.0,0.0,1.0,0.0,1.0,0.0,0.0,0.0,1.0
0.0365886867186533,0.0,0.027818448023426062,0.7435897435897436,1.0,1.0,0.0,0.0,1.0,1.0,0.0,0.0,0.0,1.0,0.0,1.0,0.0,0.0,1.0,0.0
0.030560712959524693,0.0651,0.11273792093704246,0.7435897435897436,1.0,0.0,1.0,1.0,0.0,0.0,1.0,0.0,0.0,0.0,1.0,1.0,0.0,0.0,1.0,0.0
0.025881916078722617,0.049289999390000006,0.08931185944363104,0.358974358974359,1.0,0.0,1.0,0.0,1.0,0.0,0.0,1.0,0.0,1.0,0.0,1.0,0.0,0.0,0.0,1.0
0.03570986508231217,0.0,0.14055636896046853,0.7435897435897436,1.0,0.0,1.0,0.0,1.0,0.0,0.0,0.0,1.0,0.0,1.0,1.0,0.0,1.0,0.0,0.0
0.03161282336922887,0.07295,0.13616398243045388,0.7435897435897436,1.0,1.0,0.0,1.0,0.0,1.0,0.0,0.0,0.0,1.0,0.0,1.0,0.0,0.0,0.0,1.0
0.06789206584973387,0.20835,0.23133235724743775,0.7435897435897436,1.0,0.0,1.0,0.0,1.0,1.0,0.0,0.0,0.0,1.0,0.0,1.0,0.0,0.0,1.0,0.0
0.04889218962742914,0.0,0.07906295754026355,0.7435897435897436,1.0,1.0,0.0,1.0,0.0,1.0,0.0,0.0,0.0,1.0,0.0,1.0,0.0,0.0,1.0,0.0
0.048966456244584726,0.0,0.11859443631039532,0.7435897435897436,0.0,0.0,1.0,1.0,0.0,1.0,0.0,0.0,0.0,1.0,0.0,1.0,0.0,0.0,1.0,0.0
0.06082435945042703,0.0,0.15666178623718888,0.7435897435897436,0.0,0.0,1.0,1.0,0.0,1.0,0.0,0.0,0.0,1.0,0.0,1.0,0.0,1.0,0.0,0.0
0.11279861368981309,0.39365,0.5314787701317716,0.6153846153846154,1.0,0.0,1.0,0.0,1.0,0.0,0.0,1.0,0.0,1.0,0.0,0.0,1.0,1.0,0.0,0.0
0.055328629780913484,0.10435,0.2010736944851147,0.7435897435897436,1.0,0.0,1.0,1.0,0.0,1.0,0.0,0.0,0.0,1.0,0.0,1.0,0.0,0.0,1.0,0.0
0.04484465899244956,0.0,0.13616398243045388,0.7435897435897436,1.0,0.0,1.0,1.0,0.0,1.0,0.0,0.0,0.0,0.0,1.0,1.0,0.0,1.0,0.0,0.0
0.04196063869290754,0.0,0.09224011713030747,0.7435897435897436,1.0,0.0,1.0,1.0,0.0,1.0,0.0,0.0,0.0,1.0,0.0,1.0,0.0,0.0,0.0,1.0
0.023035029087758386,0.037700000000000004,0.11273792093704246,1.0000000000000002,1.0,0.0,1.0,0.0,1.0,0.0,0.0,0.0,1.0,0.0,1.0,1.0,0.0,0.0,1.0,0.0
0.02843173660106449,0.0,0.05710102489019034,0.7435897435897436,1.0,1.0,0.0,1.0,0.0,1.0,0.0,0.0,0.0,1.0,0.0,1.0,0.0,1.0,0.0,0.0
0.05103354375541528,0.12255,0.13616398243045388,0.7435897435897436,1.0,0.0,1.0,0.0,1.0,1.0,0.0,0.0,0.0,1.0,0.0,1.0,0.0,0.0,0.0,1.0
0.06341131328134669,0.05655,0.24743777452415813,0.7435897435897436,0.6666666666666666,0.0,1.0,0.0,1.0,0.0,1.0,0.0,0.0,0.0,1.0,1.0,0.0,0.0,0.0,1.0
0.04084663943557371,0.0,0.08638360175695461,0.7435897435897436,0.0,1.0,0.0,1.0,0.0,1.0,0.0,0.0,0.0,1.0,0.0,1.0,0.0,0.0,0.0,1.0
0.09731402401287288,0.012,0.34553440702781846,0.7435897435897436,1.0,0.0,1.0,0.0,1.0,0.0,1.0,0.0,0.0,1.0,0.0,1.0,0.0,0.0,0.0,1.0
0.057890828072781286,0.0,0.1698389458272328,0.7435897435897436,1.0,0.0,1.0,0.0,1.0,1.0,0.0,0.0,0.0,0.0,1.0,1.0,0.0,1.0,0.0,0.0
0.04691174650328011,0.125,0.1800878477306003,0.7435897435897436,1.0,0.0,1.0,1.0,0.0,1.0,0.0,0.0,0.0,1.0,0.0,1.0,0.0,1.0,0.0,0.0
0.196930313157569,0.0,0.3557833089311859,0.7435897435897436,1.0,0.0,1.0,0.0,1.0,1.0,0.0,0.0,0.0,1.0,0.0,0.0,1.0,0.0,0.0,1.0
0.24161406114618147,0.26330000000000003,0.8096632503660323,0.7435897435897436,1.0,0.0,1.0,0.0,1.0,1.0,0.0,0.0,0.0,1.0,0.0,1.0,0.0,1.0,0.0,0.0
0.050748855056318855,0.0,0.16544655929721816,0.7435897435897436,0.6666666666666666,0.0,1.0,0.0,1.0,1.0,0.0,0.0,0.0,1.0,0.0,1.0,0.0,0.0,1.0,0.0
0.037405619507364776,0.0975,0.13323572474377746,0.7435897435897436,1.0,0.0,1.0,0.0,1.0,1.0,0.0,0.0,0.0,1.0,0.0,1.0,0.0,1.0,0.0,0.0
0.04099517266988489,0.0,0.09370424597364568,0.358974358974359,1.0,0.0,1.0,0.0,1.0,0.0,0.0,0.0,1.0,0.0,1.0,1.0,0.0,1.0,0.0,0.0
0.07682881544745636,0.0,0.20497803806734993,0.358974358974359,1.0,0.0,1.0,0.0,1.0,0.0,0.0,0.0,1.0,1.0,0.0,1.0,0.0,1.0,0.0,0.0
0.04569872508973883,0.0833,0.13469985358711567,0.7435897435897436,1.0,0.0,1.0,1.0,0.0,1.0,0.0,0.0,0.0,0.0,1.0,1.0,0.0,1.0,0.0,0.0
0.027107315261789826,0.09315000000000001,0.1273792093704246,0.7435897435897436,0.0,1.0,0.0,1.0,0.0,1.0,0.0,0.0,0.0,1.0,0.0,1.0,0.0,0.0,0.0,1.0
0.0428889714073524,0.012100000000000001,0.13323572474377746,0.7435897435897436,1.0,0.0,1.0,0.0,1.0,0.0,0.0,1.0,0.0,0.0,1.0,1.0,0.0,0.0,1.0,0.0
0.031068201510087885,0.0,0.09224011713030747,0.6153846153846154,0.0,1.0,0.0,1.0,0.0,1.0,0.0,0.0,0.0,0.0,1.0,1.0,0.0,0.0,0.0,1.0
0.026835004332219334,0.0,0.0424597364568082,0.7435897435897436,1.0,1.0,0.0,1.0,0.0,1.0,0.0,0.0,0.0,1.0,0.0,1.0,0.0,1.0,0.0,0.0
0.07166728555514296,0.0,0.20937042459736457,0.7435897435897436,1.0,0.0,1.0,0.0,1.0,0.0,1.0,0.0,0.0,1.0,0.0,1.0,0.0,1.0,0.0,0.0
0.043817304121797254,0.10415,0.15080527086383602,0.7435897435897436,1.0,1.0,0.0,1.0,0.0,0.0,0.0,1.0,0.0,1.0,0.0,1.0,0.0,0.0,1.0,0.0
0.2037009530882535,0.1125,0.10102489019033675,0.7435897435897436,1.0,0.0,1.0,0.0,1.0,0.0,1.0,0.0,0.0,1.0,0.0,0.0,1.0,0.0,1.0,0.0
0.1779056813962124,0.0,0.24597364568081995,0.358974358974359,1.0,0.0,1.0,0.0,1.0,0.0,1.0,0.0,0.0,1.0,0.0,1.0,0.0,1.0,0.0,0.0
0.059289516029211536,0.0,0.1683748169838946,0.7435897435897436,1.0,1.0,0.0,1.0,0.0,1.0,0.0,0.0,0.0,1.0,0.0,1.0,0.0,1.0,0.0,0.0
0.03746750835499443,0.0,0.01903367496339678,0.7435897435897436,1.0,1.0,0.0,1.0,0.0,1.0,0.0,0.0,0.0,1.0,0.0,1.0,0.0,0.0,0.0,1.0
0.037677930436935264,0.0,0.048316251830161056,0.7435897435897436,1.0,0.0,1.0,1.0,0.0,1.0,0.0,0.0,0.0,1.0,0.0,1.0,0.0,0.0,0.0,1.0
0.054127986136898135,0.07540000000000001,0.16251830161054173,0.7435897435897436,1.0,0.0,1.0,0.0,1.0,0.0,1.0,0.0,0.0,1.0,0.0,1.0,0.0,1.0,0.0,0.0
0.08135907909394727,0.0,0.16544655929721816,0.7435897435897436,1.0,0.0,1.0,1.0,0.0,1.0,0.0,0.0,0.0,0.0,1.0,1.0,0.0,0.0,1.0,0.0
0.021265008045550194,0.08220000000000001,0.12152269399707175,0.7435897435897436,1.0,1.0,0.0,0.0,1.0,1.0,0.0,0.0,0.0,0.0,1.0,1.0,0.0,0.0,1.0,0.0
0.036873375417749724,0.12990000000000002,0.15080527086383602,0.7435897435897436,1.0,0.0,1.0,1.0,0.0,1.0,0.0,0.0,0.0,0.0,1.0,1.0,0.0,1.0,0.0,0.0
0.03329620002475554,0.0,0.07906295754026355,0.7435897435897436,1.0,1.0,0.0,1.0,0.0,1.0,0.0,0.0,0.0,1.0,0.0,1.0,0.0,1.0,0.0,0.0
0.06937739819284565,0.18330000000000002,0.4304538799414348,0.7435897435897436,1.0,0.0,1.0,1.0,0.0,1.0,0.0,0.0,0.0,1.0,0.0,1.0,0.0,1.0,0.0,0.0
0.05103354375541528,0.09055,0.20937042459736457,0.7435897435897436,0.0,0.0,1.0,0.0,1.0,0.0,0.0,0.0,1.0,1.0,0.0,1.0,0.0,0.0,0.0,1.0
0.07578908280727813,0.22915000000000002,0.3543191800878477,0.7435897435897436,0.6666666666666666,0.0,1.0,0.0,1.0,1.0,0.0,0.0,0.0,1.0,0.0,1.0,0.0,0.0,1.0,0.0
0.07517019433098156,0.22080000000000002,0.28111273792093705,0.7435897435897436,0.0,0.0,1.0,1.0,0.0,1.0,0.0,0.0,0.0,1.0,0.0,1.0,0.0,1.0,0.0,0.0
0.0818418121054586,0.0,0.1815519765739385,0.7435897435897436,1.0,0.0,1.0,1.0,0.0,1.0,0.0,0.0,0.0,1.0,0.0,0.0,1.0,1.0,0.0,0.0
0.03039980195568759,0.215,0.15226939970717424,0.7435897435897436,1.0,0.0,1.0,0.0,1.0,1.0,0.0,0.0,0.0,1.0,0.0,1.0,0.0,1.0,0.0,0.0
0.045364525312538685,0.0,0.07320644216691069,0.7435897435897436,1.0,0.0,1.0,0.0,1.0,0.0,1.0,0.0,0.0,1.0,0.0,1.0,0.0,0.0,0.0,1.0
0.13148904567396957,0.0,0.3177159590043924,0.7435897435897436,1.0,0.0,1.0,0.0,1.0,1.0,0.0,0.0,0.0,1.0,0.0,1.0,0.0,0.0,1.0,0.0
0.07434088377274414,0.0,0.1698389458272328,0.7435897435897436,1.0,0.0,1.0,1.0,0.0,1.0,0.0,0.0,0.0,0.0,1.0,1.0,0.0,1.0,0.0,0.0
0.035437554152741677,0.4053,0.2679355783308931,0.7435897435897436,1.0,0.0,1.0,0.0,1.0,0.0,0.0,1.0,0.0,1.0,0.0,1.0,0.0,0.0,0.0,1.0
0.0724718405743285,0.10020000000000001,0.34114202049780384,0.7435897435897436,1.0,0.0,1.0,0.0,1.0,0.0,1.0,0.0,0.0,1.0,0.0,1.0,0.0,0.0,1.0,0.0
0.046763213268968935,0.0,0.048316251830161056,0.4871794871794872,1.0,0.0,1.0,0.0,1.0,0.0,1.0,0.0,0.0,1.0,0.0,1.0,0.0,0.0,0.0,1.0
0.023183562322069563,0.20415,0.20937042459736457,0.7435897435897436,0.6666666666666666,0.0,1.0,0.0,1.0,1.0,0.0,0.0,0.0,1.0,0.0,0.0,1.0,0.0,1.0,0.0
0.033655155341007555,0.11665,0.17862371888726208,0.7435897435897436,1.0,1.0,0.0,0.0,1.0,1.0,0.0,0.0,0.0,1.0,0.0,1.0,0.0,0.0,1.0,0.0
0.03865577422948385,0.0,0.07759882869692533,0.7435897435897436,1.0,0.0,1.0,1.0,0.0,1.0,0.0,0.0,0.0,1.0,0.0,1.0,0.0,0.0,0.0,1.0
0.0255600940710484,0.10335000000000001,0.10492923377257199,0.7435897435897436,1.0,0.0,1.0,0.0,1.0,1.0,0.0,0.0,0.0,1.0,0.0,1.0,0.0,0.0,0.0,1.0
0.030919668275776704,0.058350000000000006,0.1171303074670571,0.7435897435897436,1.0,0.0,1.0,0.0,1.0,0.0,0.0,1.0,0.0,1.0,0.0,1.0,0.0,0.0,1.0,0.0
0.02271320708008417,0.08095000000000001,0.12298682284040996,0.7435897435897436,1.0,0.0,1.0,0.0,1.0,0.0,0.0,1.0,0.0,1.0,0.0,1.0,0.0,1.0,0.0,0.0
0.05980938234930066,0.10415,0.24597364568081995,0.7435897435897436,1.0,0.0,1.0,0.0,1.0,0.0,0.0,1.0,0.0,1.0,0.0,1.0,0.0,1.0,0.0,0.0
0.02937244708503528,0.10575000000000001,0.15080527086383602,0.7435897435897436,1.0,0.0,1.0,0.0,1.0,1.0,0.0,0.0,0.0,1.0,0.0,1.0,0.0,0.0,0.0,1.0
0.24701076865948757,0.0,0.9267935578330894,1.0000000000000002,1.0,0.0,1.0,1.0,0.0,1.0,0.0,0.0,0.0,1.0,0.0,0.0,1.0,0.0,0.0,1.0
0.026278004703552422,0.12085,0.17423133235724744,0.7435897435897436,1.0,0.0,1.0,0.0,1.0,1.0,0.0,0.0,0.0,1.0,0.0,1.0,0.0,0.0,0.0,1.0
0.05269216487189009,0.0,0.15080527086383602,0.7435897435897436,0.6666666666666666,0.0,1.0,0.0,1.0,1.0,0.0,0.0,0.0,0.0,1.0,1.0,0.0,1.0,0.0,0.0
0.04187399430622602,0.21330000000000002,0.1683748169838946,0.358974358974359,0.0,0.0,1.0,0.0,1.0,1.0,0.0,0.0,0.0,1.0,0.0,1.0,0.0,1.0,0.0,0.0
0.02453273920039609,0.08710000000000001,0.040995607613469986,0.7435897435897436,1.0,0.0,1.0,0.0,1.0,0.0,0.0,1.0,0.0,0.0,1.0,1.0,0.0,0.0,1.0,0.0
0.031662334447332595,0.0975,0.2020497803806735,0.7435897435897436,1.0,0.0,1.0,0.0,1.0,1.0,0.0,0.0,0.0,1.0,0.0,1.0,0.0,1.0,0.0,0.0
0.07269464042579526,0.21250000000000002,0.45827232796486095,0.7435897435897436,0.6666666666666666,0.0,1.0,0.0,1.0,0.0,1.0,0.0,0.0,1.0,0.0,1.0,0.0,0.0,0.0,1.0
0.07476172793662582,0.065,0.13323572474377746,0.7435897435897436,1.0,0.0,1.0,0.0,1.0,0.0,0.0,1.0,0.0,1.0,0.0,0.0,1.0,1.0,0.0,0.0
0.028134670132442134,0.1233,0.10688140556368961,0.358974358974359,0.0,0.0,1.0,0.0,1.0,1.0,0.0,0.0,0.0,1.0,0.0,1.0,0.0,1.0,0.0,0.0
0.07569006065107067,0.0,0.23133235724743775,0.7435897435897436,1.0,0.0,1.0,0.0,1.0,0.0,1.0,0.0,0.0,1.0,0.0,1.0,0.0,0.0,1.0,0.0
0.048966456244584726,0.36050000000000004,0.2445095168374817,0.7435897435897436,1.0,0.0,1.0,1.0,0.0,1.0,0.0,0.0,0.0,1.0,0.0,1.0,0.0,0.0,0.0,1.0
0.03948508478772125,0.125,0.15519765739385066,0.7435897435897436,0.0,0.0,1.0,0.0,1.0,0.0,0.0,0.0,1.0,1.0,0.0,1.0,0.0,1.0,0.0,0.0
0.05441267483599456,0.0,0.09370424597364568,0.7435897435897436,1.0,1.0,0.0,1.0,0.0,0.0,1.0,0.0,0.0,0.0,1.0,1.0,0.0,1.0,0.0,0.0
0.019928208936749597,0.08845,0.11420204978038068,0.7435897435897436,1.0,0.0,1.0,0.0,1.0,1.0,0.0,0.0,0.0,0.0,1.0,1.0,0.0,1.0,0.0,0.0
0.0450550810743904,0.04915,0.12152269399707175,0.7435897435897436,1.0,0.0,1.0,0.0,1.0,0.0,0.0,0.0,1.0,0.0,1.0,1.0,0.0,0.0,1.0,0.0
0.09378635969798242,0.0,0.32650073206442165,0.7435897435897436,1.0,0.0,1.0,0.0,1.0,0.0,1.0,0.0,0.0,1.0,0.0,0.0,1.0,0.0,0.0,1.0
0.06799108800594132,0.0,0.16544655929721816,0.7435897435897436,1.0,0.0,1.0,0.0,1.0,0.0,0.0,0.0,1.0,0.0,1.0,0.0,1.0,1.0,0.0,0.0
0.09230102735487065,0.0,0.24597364568081995,0.7435897435897436,0.6666666666666666,0.0,1.0,0.0,1.0,0.0,0.0,1.0,0.0,0.0,1.0,1.0,0.0,1.0,0.0,0.0
0.03517762099269712,0.051500000000000004,0.12152269399707175,0.7435897435897436,1.0,0.0,1.0,0.0,1.0,0.0,1.0,0.0,0.0,1.0,0.0,1.0,0.0,0.0,0.0,1.0
0.03556133184800099,0.10840000000000001,0.1595900439238653,0.7435897435897436,1.0,0.0,1.0,0.0,1.0,0.0,0.0,1.0,0.0,0.0,1.0,1.0,0.0,0.0,0.0,1.0
0.049387300408466395,0.07150000000000001,0.16398243045387995,0.7435897435897436,1.0,0.0,1.0,0.0,1.0,0.0,0.0,1.0,0.0,0.0,1.0,1.0,0.0,1.0,0.0,0.0
0.038432974378017085,0.0,0.11566617862371889,0.7435897435897436,1.0,0.0,1.0,0.0,1.0,0.0,1.0,0.0,0.0,1.0,0.0,1.0,0.0,0.0,1.0,0.0
0.03960886248298057,0.0,0.10395314787701318,0.5128205128205129,1.0,1.0,0.0,1.0,0.0,1.0,0.0,0.0,0.0,1.0,0.0,1.0,0.0,0.0,0.0,1.0
0.0764079712835747,0.05,0.24890190336749632,0.7435897435897436,1.0,0.0,1.0,0.0,1.0,0.0,0.0,1.0,0.0,0.0,1.0,0.0,1.0,1.0,0.0,0.0
0.034657754672607996,0.1568,0.16642264519277697,0.7435897435897436,0.0,0.0,1.0,0.0,1.0,1.0,0.0,0.0,0.0,0.0,1.0,1.0,0.0,0.0,0.0,1.0
0.036452531253868055,0.08895,0.1800878477306003,0.7435897435897436,1.0,0.0,1.0,0.0,1.0,0.0,1.0,0.0,0.0,1.0,0.0,1.0,0.0,0.0,1.0,0.0
0.11911127614803813,0.09165000000000001,0.24158125915080528,0.358974358974359,1.0,0.0,1.0,0.0,1.0,0.0,1.0,0.0,0.0,1.0,0.0,0.0,1.0,0.0,0.0,1.0
0.07835128109914594,0.0,0.2752562225475842,0.7435897435897436,1.0,0.0,1.0,0.0,1.0,0.0,0.0,1.0,0.0,1.0,0.0,1.0,0.0,0.0,1.0,0.0
0.09741304616908034,0.1125,0.23865300146412885,0.7435897435897436,1.0,0.0,1.0,0.0,1.0,0.0,1.0,0.0,0.0,1.0,0.0,1.0,0.0,0.0,0.0,1.0
0.04290134917687833,0.21505000000000002,0.22693997071742314,0.7435897435897436,1.0,0.0,1.0,1.0,0.0,1.0,0.0,0.0,0.0,1.0,0.0,1.0,0.0,1.0,0.0,0.0
0.022329496224780296,0.09645000000000001,0.08345534407027819,0.7435897435897436,1.0,0.0,1.0,1.0,0.0,1.0,0.0,0.0,0.0,1.0,0.0,1.0,0.0,0.0,0.0,1.0
0.02689689317984899,0.10690000000000001,0.060029282576866766,0.7435897435897436,1.0,0.0,1.0,0.0,1.0,1.0,0.0,0.0,0.0,1.0,0.0,1.0,0.0,1.0,0.0,0.0
0.061653670008664445,0.0,0.1683748169838946,0.7435897435897436,1.0,1.0,0.0,1.0,0.0,0.0,1.0,0.0,0.0,0.0,1.0,1.0,0.0,0.0,1.0,0.0
0.02563436068820399,0.0,0.14055636896046853,0.7435897435897436,1.0,0.0,1.0,0.0,1.0,0.0,0.0,1.0,0.0,0.0,1.0,1.0,0.0,1.0,0.0,0.0
0.03039980195568759,0.10415,0.11420204978038068,0.7435897435897436,1.0,0.0,1.0,0.0,1.0,0.0,0.0,0.0,1.0,1.0,0.0,1.0,0.0,1.0,0.0,0.0
0.2222428518380988,0.0,0.1581259150805271,0.7435897435897436,1.0,1.0,0.0,1.0,0.0,1.0,0.0,0.0,0.0,0.0,1.0,0.0,1.0,0.0,0.0,1.0
0.023864339645995793,0.0,0.12005856515373353,0.7435897435897436,0.0,1.0,0.0,1.0,0.0,1.0,0.0,0.0,0.0,1.0,0.0,1.0,0.0,0.0,1.0,0.0
0.20368857531872758,0.0,0.3777452415812591,0.7435897435897436,1.0,0.0,1.0,0.0,1.0,0.0,0.0,1.0,0.0,1.0,0.0,1.0,0.0,0.0,0.0,1.0
0.12117836365886867,0.0,0.28843338213762815,0.7435897435897436,1.0,1.0,0.0,1.0,0.0,1.0,0.0,0.0,0.0,1.0,0.0,1.0,0.0,0.0,1.0,0.0
0.05843544993192227,0.0,0.16251830161054173,0.7435897435897436,0.6666666666666666,0.0,1.0,0.0,1.0,0.0,0.0,0.0,1.0,0.0,1.0,1.0,0.0,0.0,1.0,0.0
0.04329743780170813,0.12845,0.22840409956076138,0.7435897435897436,1.0,0.0,1.0,0.0,1.0,1.0,0.0,0.0,0.0,1.0,0.0,1.0,0.0,0.0,0.0,1.0
0.06135660354004208,0.15835000000000002,0.2679355783308931,0.7435897435897436,1.0,0.0,1.0,0.0,1.0,0.0,0.0,0.0,1.0,1.0,0.0,1.0,0.0,0.0,1.0,0.0
0.03580888723851962,0.065,0.09224011713030747,0.7435897435897436,1.0,0.0,1.0,0.0,1.0,1.0,0.0,0.0,0.0,1.0,0.0,1.0,0.0,0.0,0.0,1.0
0.03660106448817923,0.0,0.08345534407027819,0.7435897435897436,1.0,0.0,1.0,1.0,0.0,1.0,0.0,0.0,0.0,1.0,0.0,1.0,0.0,0.0,0.0,1.0
0.07166728555514296,0.0,0.2752562225475842,0.4871794871794872,1.0,0.0,1.0,0.0,1.0,0.0,0.0,1.0,0.0,1.0,0.0,0.0,1.0,0.0,1.0,0.0
0.032466889466518135,0.0,0.07906295754026355,0.7435897435897436,1.0,0.0,1.0,1.0,0.0,1.0,0.0,0.0,0.0,1.0,0.0,1.0,0.0,0.0,0.0,1.0
0.059289516029211536,0.12705,0.19619326500732065,1.0000000000000002,1.0,1.0,0.0,1.0,0.0,1.0,0.0,0.0,0.0,1.0,0.0,1.0,0.0,1.0,0.0,0.0
0.05566282955811363,0.09965,0.191800878477306,0.7435897435897436,1.0,0.0,1.0,1.0,0.0,0.0,0.0,0.0,1.0,0.0,1.0,1.0,0.0,0.0,1.0,0.0
0.11086768164376778,0.0,0.24597364568081995,0.7435897435897436,1.0,0.0,1.0,1.0,0.0,0.0,0.0,0.0,1.0,1.0,0.0,1.0,0.0,1.0,0.0,0.0
0.04691174650328011,0.3875,0.3997071742313324,0.7435897435897436,1.0,0.0,1.0,0.0,1.0,0.0,0.0,0.0,1.0,1.0,0.0,1.0,0.0,0.0,1.0,0.0
0.10054462185914098,0.0,0.3850658857979502,0.7435897435897436,1.0,1.0,0.0,1.0,0.0,1.0,0.0,0.0,0.0,1.0,0.0,1.0,0.0,0.0,1.0,0.0
0.04191112761480381,0.0,0.12152269399707175,0.4871794871794872,1.0,0.0,1.0,1.0,0.0,0.0,1.0,0.0,0.0,0.0,1.0,1.0,0.0,0.0,0.0,1.0
0.07166728555514296,0.0,0.20351390922401172,0.7435897435897436,1.0,1.0,0.0,1.0,0.0,1.0,0.0,0.0,0.0,1.0,0.0,1.0,0.0,0.0,0.0,1.0
0.03660106448817923,0.11415,0.2005856515373353,0.7435897435897436,1.0,1.0,0.0,0.0,1.0,1.0,0.0,0.0,0.0,1.0,0.0,1.0,0.0,0.0,1.0,0.0
0.05625696249535834,0.0,0.11420204978038068,0.7435897435897436,0.0,0.0,1.0,0.0,1.0,0.0,0.0,0.0,1.0,0.0,1.0,1.0,0.0,0.0,1.0,0.0
0.03947270701819532,0.082,0.1376281112737921,0.358974358974359,1.0,0.0,1.0,0.0,1.0,0.0,1.0,0.0,0.0,0.0,1.0,1.0,0.0,0.0,0.0,1.0
0.03676197549201634,0.0,0.07906295754026355,0.7435897435897436,0.0,1.0,0.0,1.0,0.0,1.0,0.0,0.0,0.0,1.0,0.0,1.0,0.0,0.0,0.0,1.0
0.04270330486446343,0.25320000000000004,0.24890190336749632,0.7435897435897436,1.0,0.0,1.0,1.0,0.0,1.0,0.0,0.0,0.0,1.0,0.0,1.0,0.0,0.0,1.0,0.0
0.07661839336551553,0.36250000000000004,0.23865300146412885,0.7435897435897436,0.0,0.0,1.0,0.0,1.0,0.0,1.0,0.0,0.0,1.0,0.0,1.0,0.0,0.0,0.0,1.0
0.02689689317984899,0.16670000000000001,0.22693997071742314,0.7435897435897436,1.0,0.0,1.0,0.0,1.0,1.0,0.0,0.0,0.0,1.0,0.0,1.0,0.0,0.0,1.0,0.0
0.03648966456244585,0.15265,0.1054172767203514,0.7435897435897436,1.0,0.0,1.0,1.0,0.0,1.0,0.0,0.0,0.0,1.0,0.0,1.0,0.0,1.0,0.0,0.0
0.08528283203366753,0.0,0.1581259150805271,0.10256410256410257,1.0,0.0,1.0,0.0,1.0,0.0,0.0,0.0,1.0,0.0,1.0,0.0,1.0,0.0,0.0,1.0
0.05600940710483971,0.0,0.17715959004392387,0.7435897435897436,1.0,0.0,1.0,0.0,1.0,1.0,0.0,0.0,0.0,0.0,1.0,0.0,1.0,0.0,0.0,1.0
0.03316004455997029,0.0,0.040995607613469986,0.358974358974359,0.0,0.0,1.0,0.0,1.0,0.0,0.0,1.0,0.0,0.0,1.0,1.0,0.0,0.0,0.0,1.0
0.03969550686966209,0.08750000000000001,0.24743777452415813,0.7435897435897436,1.0,0.0,1.0,0.0,1.0,0.0,1.0,0.0,0.0,1.0,0.0,1.0,0.0,0.0,0.0,1.0
0.048557989850228994,0.0,0.15373352855051245,0.7435897435897436,1.0,0.0,1.0,1.0,0.0,1.0,0.0,0.0,0.0,1.0,0.0,1.0,0.0,0.0,1.0,0.0
0.02479267236044065,0.0,0.07174231332357248,0.7435897435897436,1.0,1.0,0.0,1.0,0.0,1.0,0.0,0.0,0.0,0.0,1.0,1.0,0.0,1.0,0.0,0.0
0.04923876717415522,0.0,0.14348462664714495,0.358974358974359,1.0,0.0,1.0,0.0,1.0,1.0,0.0,0.0,0.0,0.0,1.0,1.0,0.0,0.0,1.0,0.0
0.0536823864339646,0.0,0.14348462664714495,0.7435897435897436,1.0,1.0,0.0,1.0,0.0,1.0,0.0,0.0,0.0,1.0,0.0,1.0,0.0,0.0,1.0,0.0
0.03417502166109667,0.13955,0.18594436310395315,0.7435897435897436,1.0,0.0,1.0,1.0,0.0,1.0,0.0,0.0,0.0,1.0,0.0,1.0,0.0,0.0,1.0,0.0
0.048966456244584726,0.0,0.14494875549048317,0.7435897435897436,0.0,1.0,0.0,1.0,0.0,1.0,0.0,0.0,0.0,1.0,0.0,1.0,0.0,0.0,1.0,0.0
0.043965837356108435,0.0833,0.17276720351390923,0.7435897435897436,1.0,1.0,0.0,1.0,0.0,1.0,0.0,0.0,0.0,1.0,0.0,1.0,0.0,1.0,0.0,0.0
0.03865577422948385,0.10830000000000001,0.16544655929721816,0.7435897435897436,0.6666666666666666,0.0,1.0,0.0,1.0,0.0,0.0,0.0,1.0,0.0,1.0,0.0,1.0,0.0,1.0,0.0
0.0549820522341874,0.0,0.13616398243045388,0.7435897435897436,1.0,0.0,1.0,0.0,1.0,0.0,0.0,1.0,0.0,0.0,1.0,1.0,0.0,1.0,0.0,0.0
0.07166728555514296,0.1125,0.363103953147877,0.7435897435897436,1.0,0.0,1.0,0.0,1.0,1.0,0.0,0.0,0.0,1.0,0.0,1.0,0.0,0.0,1.0,0.0
0.02937244708503528,0.1165,0.1581259150805271,0.7435897435897436,1.0,0.0,1.0,0.0,1.0,0.0,0.0,1.0,0.0,1.0,0.0,1.0,0.0,1.0,0.0,0.0
0.02937244708503528,0.1179,0.15080527086383602,0.7435897435897436,1.0,0.0,1.0,0.0,1.0,1.0,0.0,0.0,0.0,0.0,1.0,1.0,0.0,0.0,0.0,1.0
0.13871766307711353,0.0563,0.30453879941434847,0.7435897435897436,1.0,0.0,1.0,0.0,1.0,0.0,0.0,1.0,0.0,1.0,0.0,1.0,0.0,0.0,0.0,1.0
0.024223294962247805,0.12000000000000001,0.14348462664714495,0.7435897435897436,1.0,0.0,1.0,0.0,1.0,1.0,0.0,0.0,0.0,0.0,1.0,1.0,0.0,0.0,0.0,1.0
0.028468869909642282,0.09915,0.1800878477306003,0.358974358974359,1.0,0.0,1.0,0.0,1.0,0.0,1.0,0.0,0.0,0.0,1.0,1.0,0.0,0.0,0.0,1.0
0.02435945042703305,0.0,0.07174231332357248,0.6153846153846154,0.0,0.0,1.0,0.0,1.0,0.0,1.0,0.0,0.0,1.0,0.0,0.0,1.0,1.0,0.0,0.0
0.039819284564921405,0.0,0.17715959004392387,0.7435897435897436,1.0,1.0,0.0,1.0,0.0,0.0,0.0,1.0,0.0,1.0,0.0,1.0,0.0,0.0,0.0,1.0
0.043792548582745394,0.0834,0.13616398243045388,0.7435897435897436,1.0,0.0,1.0,1.0,0.0,1.0,0.0,0.0,0.0,0.0,1.0,1.0,0.0,0.0,1.0,0.0
0.03795024136650576,0.024200000000000003,0.17276720351390923,0.7435897435897436,1.0,0.0,1.0,0.0,1.0,0.0,0.0,1.0,0.0,1.0,0.0,1.0,0.0,0.0,1.0,0.0
0.29202871642530015,0.0,0.5168374816983895,0.7435897435897436,1.0,0.0,1.0,0.0,1.0,0.0,0.0,0.0,1.0,1.0,0.0,1.0,0.0,1.0,0.0,0.0
0.02958286916697611,0.17500000000000002,0.14348462664714495,0.6153846153846154,1.0,0.0,1.0,0.0,1.0,1.0,0.0,0.0,0.0,1.0,0.0,1.0,0.0,0.0,0.0,1.0
0.03104344597103602,0.0,0.07759882869692533,0.7435897435897436,1.0,0.0,1.0,1.0,0.0,1.0,0.0,0.0,0.0,1.0,0.0,1.0,0.0,0.0,1.0,0.0
0.01968065354623097,0.06065,0.043923865300146414,0.7435897435897436,1.0,0.0,1.0,1.0,0.0,1.0,0.0,0.0,0.0,1.0,0.0,1.0,0.0,0.0,0.0,1.0
0.07476172793662582,0.2827,0.25036603221083453,0.358974358974359,1.0,0.0,1.0,0.0,1.0,0.0,0.0,1.0,0.0,1.0,0.0,1.0,0.0,0.0,1.0,0.0
0.03736848619878698,0.13695000000000002,0.13616398243045388,0.7435897435897436,1.0,0.0,1.0,1.0,0.0,1.0,0.0,0.0,0.0,1.0,0.0,1.0,0.0,0.0,0.0,1.0
0.04463423691050873,0.037700000000000004,0.20937042459736457,0.7435897435897436,1.0,0.0,1.0,0.0,1.0,1.0,0.0,0.0,0.0,1.0,0.0,1.0,0.0,0.0,0.0,1.0
0.03608119816809011,0.12915000000000001,0.2240117130307467,0.7435897435897436,1.0,0.0,1.0,0.0,1.0,0.0,1.0,0.0,0.0,1.0,0.0,1.0,0.0,0.0,1.0,0.0
0.01968065354623097,0.1467,0.11127379209370425,0.7435897435897436,0.0,0.0,1.0,0.0,1.0,1.0,0.0,0.0,0.0,0.0,1.0,1.0,0.0,0.0,0.0,1.0
0.028147047901968068,0.11510000000000001,0.17569546120058566,0.7435897435897436,1.0,1.0,0.0,0.0,1.0,1.0,0.0,0.0,0.0,1.0,0.0,1.0,0.0,0.0,1.0,0.0
0.033073400173288775,0.09215000000000001,0.15519765739385066,1.0000000000000002,1.0,0.0,1.0,0.0,1.0,0.0,1.0,0.0,0.0,1.0,0.0,1.0,0.0,0.0,1.0,0.0
0.042789949251144946,0.07295,0.18594436310395315,0.7435897435897436,1.0,1.0,0.0,0.0,1.0,1.0,0.0,0.0,0.0,1.0,0.0,1.0,0.0,0.0,1.0,0.0
0.048966456244584726,0.16845000000000002,0.26939970717423134,0.7435897435897436,1.0,0.0,1.0,0.0,1.0,0.0,1.0,0.0,0.0,1.0,0.0,1.0,0.0,0.0,0.0,1.0
